id	text
S001	매출총이익에서 영업이익까지 내려가는 길을 따라가 보겠습니다.
S002	주요 매입처엔 마이크론 이름도 있고요.
S003	코스피가 1.4퍼센트 올랐어.
S004	딱 하나만 해 보세요.
S005	전문가들이 '하반기 30%' 전망은 이미 달성을 했습니다.
S006	물가 3%, 국민연금은 65세부터 월 100만원으로 넣고 파이어맵 은퇴 계산기로 보면, 이 가정에선 54세에 은퇴할 수 있어요.
S007	퇴직 이후에도 일주일에 하루나 이틀 일을 하거나 자신의 경험을 활용해서 작은 소득을 만들 수 있다면 필요한 은퇴자산은 크게 달라질 수 있습니다.
S008	지난 편과 같은 가정으로, 이번엔 나이가 다른 두 경우를 놓고 계산해 보겠습니다.
S009	그리고 9월 29일, 테슬라가 공시를 하나 냈습니다.
S010	반대로 미국 주식에 투자하는 코덱스 미국배당커버드콜액티브는, 1년 분배금 1,184원이 전부 과세표준이었어요.
S011	5년 동안 가장 크게 빠졌던 때는 2021년 11월부터 2023년 1월까지로, 73.6% 하락했습니다.
S012	반대로 아래 절반, 상위 51%부터 100%까지는 연봉의 20.4%를 받고 세금은 1.43%를 냈어요.
S013	직책으로 불립니다.
S014	끝까지 따라와 봐.
S015	에스케이하이닉스는 41.4%에서 76.3%로.
S016	여기에 해당되죠.
S017	반대로 맨 아래 1% 칸 평균은 21만원이에요.
S018	두 줄에서 자리가 이렇게 다를 수 있어요.
S019	2억원까지 가면 드디어 상위 1% 칸 바로 안쪽에 들어갑니다.
S020	가족 중 직장가입자의 피부양자로 들어가면 본인 보험료는 0원이에요.
S021	실시간 KV를 계속 받아주기 시작하면 NAND의 프로그램 동작이 급격히 많아지겠죠 그러면 쓰기 전력이랑 열도 커지고 P/E를 계속 소비하게 되면서 신뢰성 관리가 훨씬 어려워지게 되는 거에요
S022	4억 7천만 원입니다.
S023	재산세 과세표준이 5억 4,000만원 이하면 통과입니다.
S024	셋째, 가구 순자산 상위 10% 문턱은 11억 20만원이고, 1년 새 5,428만원 올랐습니다.
S025	그게 이제 현실입니다, 이게.
S026	그래서 수입을 0으로 놓고 계산기에 넣어봤습니다.
S027	은퇴 나이가 몇 년 달라지는지 바로 나옵니다.
S028	미국에 상장된 이티에프를 직접 사면, 분배금에서 미국이 15%를 먼저 떼고 한국에서는 더 떼지 않아요.
S029	"삼성전자 반기보고서엔 ""메모리 평균 판매가격은 전년 연간 평균 대비 약 220% 상승""이라고 나와요."
S030	그래서 한마디로 정리하면 이렇습니다.
S031	그래서 금융소득은 2,500만 원이 다 반영됩니다.
S032	설비투자는 올해 250억 달러를 넘길 계획이고, 9월 29일엔 300억 달러 신용 한도를 열었어요.
S033	여기까지는 지역가입자 계산이에요.
S034	퇴직 다음 날부터 36개월을 넘지 않는 범위에서 임의계속가입자로 남는 길입니다.
S035	위로 갈수록 칸 사이 간격이 넓어지기 때문입니다.
S036	메모리 값이 오르면 파는 쪽은 웃고, 사는 쪽은 부담이 커집니다.
S037	급여가 높았다는 것은 임의계속 보험료도 높다는 뜻입니다.
S038	5년 전 값은 주식 분할을 반영한 가격이에요.
S039	1억을 넣고 1년이 지났을 때, 계좌에 남은 돈이 제피큐는 1억 1,679만원, 슈드는 1억 2,462만원이었어요.
S040	판매관리비도 19억 8,200만 달러로 45.1% 늘었고요.
S041	그래서 이제 CPO의 중요성이 굉장히 높아질 거다 요런 스토리로 흘러갔죠.
S042	오늘은 다섯 가지를 봅니다.
S043	근데 실제 서비스 환경에서 평생 동안 계속 같은 모델만 올려놓고 사용할 가능성은 얼마나 될까요? 굉장히 낮겠죠
S044	여전히 물가 압력이 높은 상황입니다.
S045	임의계속가입이 무조건 유리한 것은 아닙니다.
S046	오늘 본 이티에프별 전체 표는 파이어맵 카페에 올려 둘게요.
S047	고용 잘 나오면 좋은 거 아니냐고요?
S048	비과세 소득은 빠집니다.
S049	국내 상장 이티에프는 분배금 전체가 아니라 과세표준으로 따지는데요.
S050	그래야 퇴사를 안 하죠.
S051	퇴직하고 지역가입자가 되면, 건강보험료는 매달 얼마일까요?
S052	그 일을 통해서 내가 얼마나 값어치 있는 일을 하고 좋은 사람과 소통하고 내가 얼마나 계속해서 실력이 올라가는 사람이냐, 김 부장에게나 정 사장에게나 그리고 저와 여러분의 회사에게서나 이게 제일 중요하다는 거 놓치면 안 될 것 같습니다.
S053	어느 종목이 앞으로 오를지는 이 영상에서 말하지 않습니다.
S054	2회 연속 인상하면서 기준금리 3.0%가 됐습니다.
S055	이상하지 않으신가요?
S056	마지막은 피부양자로 남는 조건과 직접 확인하는 방법입니다.
S057	5,400만 원 하면 상위 20%에 해당된다, 이렇게 보시면 되겠습니다.
S058	분배금 10.07%가 주가 하락을 꽤 메워 준 거죠.
S059	입력할 때 이자와 배당은 '사업소득 등' 칸에 넣고, 연금은 연금 칸에 받은 금액 그대로 넣으면 50%는 화면이 알아서 반영해요.
S060	차량과 옵티머스 내부에서 학습된 AI 모델을 실시간으로 실행하는 추론 연산을 담당하는데 데이터 센터에서는 AI 모델의 훈련 학습 연산에도 활용됩니다.
S061	이번 3개월은 거의 같이 떨어졌습니다.
S062	지역가입자 보험료와 어느 쪽이 적은지는 사람마다 다릅니다.
S063	하이닉스는 그 얘기가 아예 없었어요.
S064	그리고 회사는 올해 설비투자가 250억 달러를 넘을 걸로 예상했습니다.
S065	답은요, AI예요.
S066	여기서 실제 AI 시장을 생각해 보면 좀 난감한 부분이 하나 생기는데요
S067	공단 모의계산에 '임의계속보험료' 메뉴가 따로 있어서 둘 다 계산해 볼 수 있고, 신청 자격과 기한은 공단에 확인하는 게 정확해요.
S068	같은 상반기에 스페이스X 지분도 20억 달러어치 샀고요.
S069	제피도 방식은 같은데요.
S070	50살이다?
S071	여기서 오늘의 절벽이 나와요.
S072	1번, 실력 있는 사람들이 옆에 있어요.
S073	그런데 한 주 전체로 보면 제자리였지.
S074	넷째, 세금과 건보료.
S075	맥도날드, 홈디포, 퀄컴, 펩시, 블랙록이 있습니다.
S076	내년까지 확장될 용량도 코어위브가 3.2GW로 1위를 차지하고 있습니다.
S077	그래서 이유는 짐작하지 않겠습니다.
S078	대표적으로 미국 S&P500처럼 여러 기업에 분산투자하는 광범위한 주식형 ETF를 생각해볼 수 있습니다.
S079	문제는 급여가 높았던 분입니다.
S080	비만 치료제 다음 신약 경쟁이 시작됐습니다.
S081	그리고 순자산 7억 원 언저리가 상위 20%로 들어가는 경계선이에요.
S082	한 달에 6만 7,860원, 1년이면 81만 4,320원 차이예요.
S083	그리고 끝까지 보시면, 1년 사이 한가운데 가구의 순자산은 거의 그대로였는데 상위 10% 문턱만 5,428만원 뛴 이야기가 나옵니다.
S084	1년 전엔 443.21달러였으니 그보다 내려왔어요.
S085	근데 이제 기술적으로 가능하게 되었습니다.
S086	그럼 돌아가 볼게요.
S087	그런데 2년 3개월이 지나면 혼자 내는 쪽이 더 싸질 수 있습니다.
S088	그래서 HBF 경쟁은 단순히 누가 NAND를 16단짜리로 잘 쌓느냐 이런 것의 게임이 아니라는 거에요
S089	요거 타고 주말에 스크린 골프장 가죠?
S090	가진 것보다 갚을 게 많은 가구예요.
S091	그리고 여기서 또 1억을 빼드립니다.
S092	근데 이번 주 물가지표하고 금리가 이 흐름을 흔들 수 있다는 것.
S093	검색도 하고 프로그램도 돌리고 일을 알아서 처리해줘요.
S094	미국 상장 이티에프로 치면, 세금 떼고 월 141만 7천원쯤 받을 때 그 선에 닿습니다.
S095	맨 위 몇 칸이 평균을 확 끌어올리거든요.
S096	1년 주가와 그 안의 최대 낙폭, 여덟 분기 매출, 이익률, 주가와 이익 나란히 보기, 그리고 회사가 스스로 적은 위험입니다.
S097	수익률은 연 5%로 가정합니다.
S098	은퇴 생활비를 계산할 때 건보료를 빼먹기 쉬운데요.
S099	재산금액은 재산세 과세표준에서 1억 원을 빼줍니다.
S100	3번, 시스템과 프로세스가 있습니다.
S101	이 영상은 국세청·국가데이터처 원자료를 정리해 보여 드린 것이고, 특정 상품을 사거나 팔라는 뜻이 아닙니다.
S102	공장과 장비, 데이터센터에 쓰는 돈, 설비투자도 봐야 해요.
S103	그리고 이 대목이 삼성에겐 반전의 실마리입니다.
S104	회사는 상반기에 차를 약 83만 8천 대 인도했다고 적었어요.
S105	그러니까 상위 7% 이내로 들어온다, 이렇게 보시면 돼요.
S106	즉, 이자나 배당받을 때 이미 77만 원을 납부한 거죠.
S107	그래서 이번 주가 진짜 중요해요.
S108	분배금은 매달 달랐고, 세금이 붙는 몫은 안에 담은 자산에 따라 0%부터 100%까지 갈렸습니다.
S109	그런데 HBM4는 비교적 안정적으로 생산량을 늘리고 있다는 신호입니다, 이것이.
S110	1년에 1만원 더 받았을 뿐인데, 건보료는 1년에 54만원 넘게 차이가 나요.
S111	테슬라는 분기 보고서에 최근 정부와 규제 당국의 조치로 일부 규제 크레딧 제도가 제한됐다고 적었어요.
S112	물가는 연 3%, 국민연금은 65세부터 월 100만원으로 잡았습니다.
S113	코스피200을 그대로 따라가는 코덱스 200은 최근 1년 수익률이 135%였습니다.
S114	사람 수로 나누면 그 칸의 평균이 나오죠.
S115	물론 공짜는 없죠.
S116	이티에프 분배금도 배당소득이에요.
S117	종류별로 기준 금액도 좀 다릅니다.
S118	정리해 볼게요.
S119	2분기 설치 용량을 보면 코어위브가 1.5GW로 가장 많죠.
S120	서비스와 기타는 46억 달러로, 1년 전보다 50.4% 늘어 가장 빨랐어요.
S121	그런데 두 결과를 나란히 보여주지는 않습니다.
S122	골프 인구의 45.2%가 40대예요.
S123	같은 조사를 1년 전과 나란히 놓아 봤어요.
S124	그 차이를 분배금이 얼마나 메웠을까요.
S125	여기서 행동하는 쪽은 베센트입니다.
S126	회사는 이 보고서에서 사이버캡 생산을 시작했고, 옵티머스 개발을 계속 진행한다고 적었습니다.
S127	여기에 16단 적층, TSV, bonding, Base Die까지 붙게 됩니다
S128	금융고배당 커버드콜은 20%, 미국 성장주와 테슬라 커버드콜은 절반쯤이었습니다.
S129	코덱스 커버드콜 11종의 최근 분배금에서, 세금이 붙는 몫을 전부 계산해 봤어요.
S130	이 사람들을 연봉 순서로 세워서 100칸으로 나눴어요.
S131	그래서 SK하이닉스, 마이크론, 샌디스크, 이런 메모리 회사 주식들이 한꺼번에 튄 거예요.
S132	계산이 늘면 그래픽 카드가 더 필요하고요.
S133	내 연봉의 실수령액은 영상 끝 계산기에서 바로 볼 수 있습니다.
S134	SK 하이닉스와 마이크론의 HBM 매출이 실제로 감소했기보다 빠르게 커지는 시장에서 삼성의 매출 증가 속도가 경쟁사보다 훨씬 빨랐다는 사실을 보여주고 있는 겁니다.
S135	사업을 고를 때도 직무를 나눌 때도 기준은 딱 하나예요.
S136	결과가 좀 의외인데요, 세 회사 모두 영업이익이 주가보다 더 많이 늘었습니다.
S137	국내 상장 중에선 코덱스 미국배당커버드콜액티브가 1억 4,700만원, 코덱스 200타겟위클리커버드콜이 7,900만원이었죠.
S138	청구서가 있습니다.
S139	왼쪽에 있는 빅테크를 먼저 보면 이번 주 마소가 큰 폭으로 올랐죠.
S140	그다음에 이제 그거는 기사 보셨으면은 삼성전자가 5월 달에 기사 나왔던 게, HBM4로 벌써 1조 매출을 달성했다고 나왔어요.
S141	저희 가인지TV에서도 한 번 다뤘습니다만 어쨌든 무지막지한 누군가가 S를 받으면 누군가는 C를 받고 그렇습니다.
S142	왜 팔았는지는 서류에 적혀 있지 않습니다.
S143	벌써 가운데를 넘었죠.
S144	실제 DGX Spark 계열 시스템의 온도를 보면 왜 그런지 감이 오는데요
S145	55세, 1년 늦어집니다.
S146	그럼 이익은 정말 주가만큼 늘었을까요?
S147	국세청은 칸마다 연봉을 다 더한 값을 알려 줘요.
S148	근데 안 쓰는 건 아니고 다 씁니다.
S149	이게 핵심입니다.
S150	여기에서 성공 실패를 하면서 강화 학습 루프를 돌리게 되는 겁니다.
S151	그래서 장비 회사들까지 온기가 퍼졌다는 것.
S152	이번 영상에서는 지난주가 어떻게 마무리됐는지 복기해보고, 이번 주는 무슨 숫자가 언제 나오고 뭘 봐야 하는지 하루씩 짚어줄게.
S153	결국 지금까지 나온 정황을 연결해 보면 이런 그림을 생각해 볼 수 있죠.
S154	1년 수익을 비교할 때 안에 뭐가 들었는지 같이 봐야 하는 이유예요.
S155	두 숫자를 비교하시면 됩니다.
S156	인재 경영이죠.
S157	1년에 받는 배당과 이자가 1,000만원인 사람이 있고, 1,001만원인 사람이 있습니다.
S158	그러면 V3는 완성되지도 않았는데 어떻게 5,000대를 만드냐.
S159	위에서 열 번째 칸, 그러니까 9%와 10% 사이 한 칸의 평균은 9,117만원인데, 상위 2% 칸은 1억 7,332만원이에요.
S160	이 조사는 '여기부터 위 10%' 같은 경계선을 직접 알려 줘요.
S161	엔비디아 실적에 맞춰서 단기 트레이딩 한 사람이 많았던 겁니다.
S162	반대로 은퇴가 가까워서 모은 돈이 크고 더 넣을 돈이 적다면, 같은 낙폭이 훨씬 크게 작용하겠죠.
S163	그리고 금융소득에 대해서 말씀드리면요.
S164	삼성하고 동일했죠?
S165	1년 전 11억 9,000만 달러에서 11억 2,800만 달러가 됐을 뿐입니다.
S166	에너지 저장과 발전은 31억 달러로 12.5% 늘었고, 상반기에 22.3기가와트시를 설치했습니다.
S167	대기업 김 부장 하시겠어요?
S168	마이크론은 결산 시점이 달라서, 올해 9월 3일에 끝난 회계 4분기가 가장 최근 실적입니다.
S169	소득세는 버는 만큼 세율이 올라가는 구조라서 이렇게 됩니다.
S170	여기부터 상위 1% 영역으로 추정이 됩니다.
S171	수억 원을 만들고도 그 층에서 수십 년 머무는 분들이 있고 반대로 시작은 늦었는데 층을 계속해서 올라가는 분들이 있었습니다.
S172	이번 주 물가지표랑 오라클 실적, 젠슨 황 발언까지 봐야 AI 투자가 진짜 돈이 되는지 알 수 있을 거라고 했어요.
S173	결국 2분기는 '삼성이 HBM 경쟁에 복귀했다'는 것을 확인한 분기였고 하반기는 삼성이 SK 하이닉스와 얼마나 대등하게 물량을 공급할 수 있는가를 확인하는 시기가 될 것은 틀림없다, 이렇게 보면 되겠습니다.
S174	그러니까 이제 아재 룩 나오는 겁니다.
S175	주가가 다섯 배 올랐어도, 그 사이 한 달 남짓 만에 반 넘게 빠지는 걸 견뎌야 했다는 뜻이죠.
S176	AI 에이전트가 활동하면서 공용 저장소에서 서로의 존재를 인식하고 비인가 메시지 보드를 발견했다고 합니다.
S177	받은 분배금을 다시 사들였다고 치면, 제피는 93.06%, 같은 기간 에스피와이는 183.34%였어요.
S178	조건은 소득과 재산 두 가지입니다.
S179	재산 기준은 두 단계예요.
S180	이번 주 지나고 어떻게 될지 내일 다시 확인해볼게요.
S181	첫째, 1년 뒤 남은 돈.
S182	자동차 매출 안에 들어 있는 항목이에요.
S183	2025년 STRAW 연구에서는 실제 고밀도 3D NAND를 반복해서 읽었을 때 접근 패턴에 따라가지고 ECC 한계까지 가는 횟수가 크게 달랐어요
S184	그래서 앞으로 HBF나 zNAND-O의 실물이 나오게 되면 저는 초당 3TB 이런 걸 보는 게 아니라 다른 수치를 같이 보고 싶은데요
S185	마이크론은 미국 증권거래위원회 에스이씨, 한국 두 회사는 금융감독원 전자공시 다트예요.
S186	오늘은요, 연금소득, 그리고 금융소득을 가지고 말씀드리도록 하겠습니다.
S187	다만 이건 한 해 변화예요.
S188	오른 1년 동안 26퍼센트포인트쯤 덜 번 거죠.
S189	삼성이랑 SK하이닉스, SanDisk가 NAND를 HBM처럼 쌓아가지고 가속기 가까이에 붙이는 그러니까 DRAM이 아닌 NAND Flash 기반으로 한 제품들을 계속 선보이고 있죠
S190	SK하이닉스 미국 주식은 하루 만에 8% 넘게 뛰었어요.
S191	179,760원이 나왔죠.
S192	안될공학 채널에서도 최근 HBF랑 zNAND-O 관련된 내용을 많이 정리해드렸는데요
S193	약간 요런 분위기가 있었고 근데 금요일은 분위기가 달랐어요.
S194	순자산 1억원이면 아래에서 20%와 30% 사이예요.
S195	"그래서 ""GPU가 아니라 전력이 병목""이라는 논의가 이제 개별 프로젝트 처음 확인이 됐다라는 사례로 볼 수가 있는데 어쨌든 요런 내용들은 이제 이전부터 좀 지연된다 지연된다 정치적인 문제도 있다라는 내용은 계속 있었죠?"
S196	올해 4월부터 8월 말까지 낸 서류를 모아 보면, 마이크론 임원과 이사가 시장에서 판 거래는 237건이었어요.
S197	이유는 셋이 겹쳤어.
S198	여기서부터 매기울리의 1% 원칙이 작동하는데요.
S199	일반적으로 대기업에서 부장은 1억 언저리가 커리어의 정점입니다.
S200	이 층에 입주하는 것이 곧 상위 20% 진입입니다.
