id	note	type	c1_new_fact	c2_why	c3_check_do
S001	다음에 매출총이익→영업이익 순서로 본다는 예고	안내·예고	0	0	0
S002	마이크론이 주요 매입처라는 사실 하나	사실 하나	1	0	0
S003	코스피가 1.4% 올랐다는 사실 하나	사실 하나	1	0	0
S004	할 일 하나를 곧 말하겠다는 예고(내용 없음)	안내·예고	0	0	0
S005	전문가 전망치를 이미 넘었다는 사실	사실 하나	1	0	0
S006	가정 두 개와 계산 결과(54세 은퇴)를 한 문장에 몰아 받음	여러 값 나열	1	0	0
S007	작은 소득이 있으면 필요 자산이 달라진다는 연결	이유	0	1	0
S008	두 경우를 계산하겠다는 예고	안내·예고	0	0	0
S009	테슬라가 공시를 냈다는 사실(내용은 다음 문장)	사실 하나	1	0	0
S010	이 상품은 분배금 전부가 과세표준이라는 사실	사실 하나	1	0	0
S011	최대 낙폭 기간과 크기(날짜 둘·비율 하나)	여러 값 나열	1	0	0
S012	아래 절반의 연봉 몫·세금 몫 두 비율	여러 값 나열	1	0	0
S013	인물 이야기의 한 조각(직책으로 불린다)	장면·이야기	0	0	0
S014	끝까지 보라는 부탁	안내·예고	0	0	0
S015	점유율이 41.4%에서 76.3%로 바뀐 두 값	여러 값 나열	1	0	0
S016	앞 말에 맞장구(해당된다)	강조·맞장구	0	0	0
S017	맨 아래 칸 평균이 21만원이라는 값 하나	사실 하나	1	0	0
S018	두 줄에서 자리가 다르다는 화면 요약	뜻 풀이	0	1	0
S019	2억원이면 상위 1% 바로 안쪽이라는 위치	사실 하나	1	0	0
S020	피부양자가 되면 본인 보험료 0원이라는 규칙	규칙·구조	1	0	0
S021	KV를 받으면 쓰기·열이 늘어 신뢰성이 나빠지는 원인 사슬	이유	1	1	0
S022	평균이 4억 7천만원이라는 값 하나	사실 하나	1	0	0
S023	재산세 과표 5억 4천 이하면 통과라는 기준	규칙·구조	1	0	0
S024	상위 10% 문턱과 1년 증가액 두 값	여러 값 나열	1	0	0
S025	'이게 현실'이라는 강조	강조·맞장구	0	0	0
S026	수입 0으로 놓고 계산했다는 가정	근거 밝힘	0	0	0
S027	계산기에 넣으면 은퇴 나이 변화가 나온다는 사용법	할 일	0	0	1
S028	미국 상장 ETF는 미국 15%만 떼고 끝난다는 규칙	규칙·구조	1	0	0
S029	반기보고서에 판매가 약 220% 상승이라 적혀 있다는 사실	사실 하나	1	0	0
S030	한마디로 정리하겠다는 예고	안내·예고	0	0	0
S031	예시 인물은 금융소득 2,500만원이 다 반영된다는 적용 결과	사실 하나	1	0	0
S032	설비투자 계획액과 신용한도 두 금액	여러 값 나열	1	0	0
S033	여기까지가 지역가입자 계산이라는 구간 표시	안내·예고	0	0	0
S034	퇴직 뒤 36개월 안에서 임의계속가입이 가능하다는 규칙	규칙·구조	1	0	0
S035	위로 갈수록 칸 간격이 넓어서라는 이유	이유	1	1	0
S036	메모리 값이 오르면 파는 쪽·사는 쪽이 갈린다는 연결	이유	0	1	0
S037	급여가 높았으면 임의계속 보험료도 높다는 뜻	뜻 풀이	1	1	0
S038	5년 전 값은 주식 분할을 반영했다는 계산 근거	근거 밝힘	0	0	0
S039	두 상품의 1년 뒤 잔액 두 값	여러 값 나열	1	0	0
S040	판관비 금액과 증가율 두 값	여러 값 나열	1	0	0
S041	CPO가 중요해진다는 시장 이야기(전망)	판단·전망	0	0	0
S042	오늘 다섯 가지를 본다는 목차	안내·예고	0	0	0
S043	같은 모델을 평생 쓸 가능성은 낮다는 논리 한 단계	이유	0	1	0
S044	물가 압력이 아직 높다는 상황 판단	사실 하나	1	0	0
S045	임의계속가입이 무조건 유리하진 않다는 판단	판단·전망	1	1	0
S046	전체 표를 카페에 올린다는 자료 위치	할 일	0	0	1
S047	고용이 좋으면 좋은 거 아니냐는 질문	질문	0	0	0
S048	비과세 소득은 빠진다는 규칙	규칙·구조	1	0	0
S049	국내 상장 ETF는 과세표준으로 따진다는 규칙	규칙·구조	1	0	0
S050	그래야 퇴사를 안 한다는 이야기 속 판단	판단·전망	0	1	0
S051	지역가입자 건보료가 얼마냐는 질문	질문	0	0	0
S052	일의 값어치와 성장이 제일 중요하다는 교훈	판단·전망	0	1	0
S053	어떤 종목이 오를지 말하지 않는다는 선 긋기	선 긋기	0	0	0
S054	기준금리가 두 번 올라 3.0%가 됐다는 사실	사실 하나	1	0	0
S055	이상하지 않냐는 질문	질문	0	0	0
S056	마지막 순서(피부양자 조건·확인법) 예고	안내·예고	0	0	0
S057	5,400만원이면 상위 20%로 보면 된다는 풀이	뜻 풀이	1	1	0
S058	분배금이 주가 하락을 메웠다는 풀이	뜻 풀이	1	1	0
S059	계산기 어느 칸에 무엇을 넣는지 입력법	할 일	1	0	1
S060	칩이 추론·훈련 연산에 쓰인다는 구조 설명	규칙·구조	1	0	0
S061	이번 3개월은 같이 떨어졌다는 사실	사실 하나	1	0	0
S062	어느 쪽이 싼지는 사람마다 다르다는 한계	선 긋기	0	0	0
S063	하이닉스는 그 얘기가 없었다는 사실	사실 하나	1	0	0
S064	올해 설비투자 예상액 하나	사실 하나	1	0	0
S065	앞 질문의 답이 AI라는 사실	사실 하나	0	0	0
S066	난감한 부분이 하나 있다는 예고	안내·예고	0	0	0
S067	공단 모의계산 메뉴로 둘 다 계산하고 자격은 공단에 확인하라는 방법	할 일	1	0	1
S068	스페이스X 지분을 샀다는 사실	사실 하나	1	0	0
S069	다른 상품도 방식이 같다는 연결 한 마디	사실 하나	0	0	0
S070	50살이라는 예시 상황을 묻는 말	질문	0	0	0
S071	절벽이 나온다는 예고	안내·예고	0	0	0
S072	대기업 장점 첫째(실력 있는 사람)	이유	0	1	0
S073	한 주로 보면 제자리였다는 사실	사실 하나	1	0	0
S074	넷째 항목 이름(세금과 건보료)	안내·예고	0	0	0
S075	회사 이름 다섯 개 나열	여러 값 나열	1	0	0
S076	확장 용량 1위가 코어위브라는 사실	사실 하나	1	0	0
S077	이유는 짐작하지 않겠다는 선 긋기	선 긋기	0	0	0
S078	분산 투자 ETF를 선택지로 생각해 보라는 제안	할 일	0	0	1
S079	문제는 급여가 높았던 사람이라는 초점 예고	안내·예고	0	0	0
S080	신약 경쟁이 시작됐다는 사실	사실 하나	1	0	0
S081	순자산 7억 언저리가 상위 20% 경계라는 사실	사실 하나	1	0	0
S082	월·연 차이 금액 두 값	여러 값 나열	1	0	0
S083	끝까지 보면 문턱 상승 이야기가 나온다는 예고	안내·예고	1	0	0
S084	1년 전 가격보다 내려왔다는 사실	사실 하나	1	0	0
S085	기술적으로 가능해졌다는 사실	사실 하나	1	0	0
S086	다시 돌아가 보겠다는 안내	안내·예고	0	0	0
S087	2년 3개월 뒤엔 혼자 내는 쪽이 싸질 수 있다는 계산 결과	사실 하나	1	0	0
S088	HBF 경쟁은 적층 게임만이 아니라는 판단	판단·전망	0	1	0
S089	차 타고 주말에 스크린 골프 가는 장면	장면·이야기	0	0	0
S090	음수 칸은 갚을 게 더 많은 가구라는 풀이	뜻 풀이	0	1	0
S091	여기서 1억을 더 빼 준다는 규칙	규칙·구조	1	0	0
S092	물가·금리가 흐름을 흔들 수 있다는 전망	판단·전망	0	1	0
S093	AI가 검색·프로그램 실행을 알아서 한다는 기능 설명	규칙·구조	0	0	0
S094	그 선을 월 141만 7천원 분배금으로 바꿔 말한 풀이	뜻 풀이	1	1	0
S095	맨 위 몇 칸이 평균을 끌어올린다는 이유	이유	1	1	0
S096	오늘 볼 항목 여섯 개 목차	안내·예고	0	0	0
S097	수익률 연 5% 가정	근거 밝힘	0	0	0
S098	은퇴 생활비에서 건보료를 빼먹기 쉽다는 경고	판단·전망	0	1	0
S099	재산금액에서 1억을 빼 준다는 규칙	규칙·구조	1	0	0
S100	대기업 장점 셋째 항목 이름	이유	0	0	0
S101	원자료 정리이고 상품 권유가 아니라는 선 긋기	선 긋기	0	0	0
S102	설비투자도 봐야 한다는 다음 항목 안내	안내·예고	0	0	0
S103	이 대목이 삼성에 반전 실마리라는 평가	판단·전망	0	1	0
S104	상반기 인도 대수가 약 83만 8천 대라는 사실	사실 하나	1	0	0
S105	상위 7% 안이라고 보면 된다는 풀이	뜻 풀이	1	1	0
S106	이미 77만원을 냈다는 뜻 풀이	뜻 풀이	1	1	0
S107	이번 주가 진짜 중요하다는 강조	강조·맞장구	0	0	0
S108	분배금이 매달 다르고 과세 몫이 0~100%로 갈렸다는 사실	사실 하나	1	0	0
S109	HBM4 생산이 안정적으로 늘고 있다는 신호라는 풀이	뜻 풀이	1	1	0
S110	1만원 차이에 건보료 54만원 차이라는 대비	사실 하나	1	1	0
S111	분기보고서에 규제 크레딧 제한이 적혀 있다는 사실	사실 하나	1	0	0
S112	물가·연금 가정 두 개	근거 밝힘	0	0	0
S113	코덱스200 1년 수익률 135%라는 사실	사실 하나	1	0	0
S114	칸 평균을 구하는 계산법	규칙·구조	0	0	0
S115	공짜는 없다는 맞장구	강조·맞장구	0	0	0
S116	ETF 분배금도 배당소득이라는 규칙	규칙·구조	1	0	0
S117	종류별 기준 금액이 다르다는 규칙	규칙·구조	0	0	0
S118	정리하겠다는 안내	안내·예고	0	0	0
S119	2분기 설치 용량 1위가 코어위브라는 사실	사실 하나	1	0	0
S120	서비스 부문 금액과 증가율 두 값	여러 값 나열	1	0	0
S121	두 결과를 나란히 보여주지 않는다는 사실	사실 하나	1	0	0
S122	골프 인구 45.2%가 40대라는 사실	사실 하나	1	0	0
S123	1년 전과 나란히 놓아 봤다는 방법 안내	안내·예고	0	0	0
S124	분배금이 얼마나 메웠냐는 질문	질문	0	0	0
S125	행동하는 쪽이 베센트라는 사실	사실 하나	0	0	0
S126	보고서에 사이버캡 생산 시작이 적혀 있다는 사실	사실 하나	1	0	0
S127	적층·TSV·본딩·베이스다이 용어 나열	여러 값 나열	1	0	0
S128	상품군별 과세 몫 비율 두 값	여러 값 나열	1	0	0
S129	11종을 전부 계산해 봤다는 방법	근거 밝힘	0	0	0
S130	연봉 순으로 100칸을 나눴다는 자료 구조	규칙·구조	1	0	0
S131	그래서 메모리 주식이 한꺼번에 뛰었다는 결과	이유	1	1	0
S132	계산이 늘면 그래픽 카드가 더 필요하다는 연결	이유	0	1	0
S133	실수령액은 영상 끝 계산기에서 본다는 안내	할 일	0	0	1
S134	삼성 성장이 경쟁사보다 빨랐다는 뜻 풀이	뜻 풀이	1	1	0
S135	기준은 딱 하나라는 예고	안내·예고	0	0	0
S136	세 회사 모두 이익이 주가보다 더 늘었다는 결과	사실 하나	1	0	0
S137	두 상품의 금액 두 값	여러 값 나열	1	0	0
S138	청구서가 온다는 이야기 조각	장면·이야기	0	0	0
S139	마소가 크게 올랐다는 사실	사실 하나	1	0	0
S140	삼성이 HBM4로 1조 매출을 냈다는 기사 사실	사실 하나	1	0	0
S141	누가 S를 받으면 누가 C를 받는다는 회사 이야기	장면·이야기	0	0	0
S142	왜 팔았는지는 서류에 없다는 선 긋기	선 긋기	0	0	0
S143	벌써 가운데를 넘었다는 위치 풀이	뜻 풀이	0	1	0
S144	온도를 보면 이유를 안다는 예고	안내·예고	0	0	0
S145	55세로 1년 늦어진다는 계산 결과	사실 하나	1	0	0
S146	이익이 주가만큼 늘었냐는 질문	질문	0	0	0
S147	국세청이 칸별 합계를 알려 준다는 자료 근거	근거 밝힘	0	0	0
S148	안 쓰는 게 아니라 다 쓴다는 짧은 말	사실 하나	0	0	0
S149	이게 핵심이라는 강조	강조·맞장구	0	0	0
S150	성공·실패로 강화 학습을 돌린다는 구조	규칙·구조	1	0	0
S151	장비 회사까지 올랐다는 사실	사실 하나	1	0	0
S152	지난주 복기·이번 주 볼 것을 짚겠다는 예고	안내·예고	0	0	0
S153	정황을 연결하면 이런 그림이라는 예고	안내·예고	0	0	0
S154	1년 수익을 볼 때 안에 든 것을 같이 보라는 이유와 방법	할 일	0	1	1
S155	두 숫자를 비교하면 된다는 방법	할 일	0	0	1
S156	그것이 인재 경영이라는 이름 붙이기	뜻 풀이	0	0	0
S157	1,000만원과 1,001만원인 두 사람 예시	장면·이야기	0	0	0
S158	V3도 없는데 어떻게 5,000대냐는 질문	질문	0	0	0
S159	두 칸의 평균 두 값	여러 값 나열	1	0	0
S160	이 조사는 경계선을 직접 준다는 자료 근거	근거 밝힘	0	0	0
S161	단기 매매가 많았다는 해석	이유	1	1	0
S162	모은 돈이 크면 같은 낙폭이 더 아프다는 연결	이유	0	1	0
S163	금융소득 이야기를 하겠다는 안내	안내·예고	0	0	0
S164	삼성과 같았다는 확인	사실 하나	0	0	0
S165	작년·올해 금액 두 값	여러 값 나열	1	0	0
S166	에너지 부문 금액·증가율·설치량 세 값	여러 값 나열	1	0	0
S167	김 부장 하겠냐는 질문	질문	0	0	0
S168	마이크론 결산 시점이 달라 어느 분기를 쓰는지 근거	근거 밝힘	0	0	0
S169	누진 구조라서 그렇다는 이유	이유	1	1	0
S170	여기부터 상위 1%로 추정된다는 사실	사실 하나	1	0	0
S171	층에 머무는 사람과 올라가는 사람 이야기	장면·이야기	0	0	0
S172	물가·실적·발언을 봐야 안다는 전망과 볼 것	판단·전망	0	1	1
S173	2분기는 복귀 확인, 하반기는 공급 확인이라는 전망	판단·전망	1	1	0
S174	아재 룩이 나온다는 장면	장면·이야기	0	0	0
S175	다섯 배 올라도 반 토막을 견뎌야 했다는 뜻	뜻 풀이	1	1	0
S176	AI 에이전트가 비인가 게시판을 찾았다는 사실	사실 하나	1	0	0
S177	재투자 기준 두 상품 수익률 두 값	여러 값 나열	1	0	0
S178	조건이 소득·재산 두 가지라는 규칙	규칙·구조	1	0	0
S179	재산 기준이 두 단계라는 규칙	규칙·구조	0	0	0
S180	내일 다시 확인하겠다는 예고	안내·예고	0	0	0
S181	첫째 항목 이름	안내·예고	0	0	0
S182	자동차 매출 안 항목이라는 분류 사실	사실 하나	1	0	0
S183	연구에서 읽기 패턴에 따라 오류 한계 횟수가 달랐다는 사실	사실 하나	1	0	0
S184	실물이 나오면 다른 수치를 봐야 한다는 의견과 볼 것	판단·전망	0	1	1
S185	자료 출처(SEC·DART)	근거 밝힘	0	0	0
S186	오늘 연금·금융소득을 말하겠다는 예고	안내·예고	0	0	0
S187	한 해 변화일 뿐이라는 한계	선 긋기	0	0	0
S188	26%p 덜 벌었다는 뜻 풀이	뜻 풀이	1	1	0
S189	세 회사가 NAND를 쌓은 제품을 낸다는 사실	사실 하나	1	0	0
S190	SK하이닉스가 하루 8% 넘게 뛰었다는 사실	사실 하나	1	0	0
S191	계산 결과 179,760원	사실 하나	1	0	0
S192	채널에서 이미 다뤘다는 채널 언급	안내·예고	0	0	0
S193	금요일 분위기가 달랐다는 사실	사실 하나	0	0	0
S194	순자산 1억은 20~30% 사이라는 위치	사실 하나	1	0	0
S195	전력 병목이 처음 확인된 사례라는 풀이	뜻 풀이	1	1	0
S196	임원 매도가 237건이라는 사실	사실 하나	1	0	0
S197	이유가 셋이라는 예고	안내·예고	0	0	0
S198	1% 원칙이 작동한다는 예고	안내·예고	0	0	0
S199	대기업 부장 연봉 정점이 1억 언저리라는 사실	사실 하나	1	0	0
S200	이 층에 들면 상위 20%라는 풀이	뜻 풀이	0	1	0
