id	side	type	note	text	src	line	views	c1_new_fact	c2_why	c3_check_do	n_numbers
S001	우리	안내·예고	다음에 매출총이익→영업이익 순서로 본다는 예고	매출총이익에서 영업이익까지 내려가는 길을 따라가 보겠습니다.	ep/E-2/voice.json	316		0	0	0	0
S002	우리	사실 하나	마이크론이 주요 매입처라는 사실 하나	주요 매입처엔 마이크론 이름도 있고요.	ep/E-1/voice.json	430		1	0	0	0
S003	경쟁	사실 하나	코스피가 1.4% 올랐다는 사실 하나	코스피가 1.4퍼센트 올랐어.	breakdown/X3D8NVks04w_transcript.txt	46	113455	1	0	0	1
S004	우리	안내·예고	할 일 하나를 곧 말하겠다는 예고(내용 없음)	딱 하나만 해 보세요.	ep/E-2/voice.json	736		0	0	0	0
S005	경쟁	사실 하나	전문가 전망치를 이미 넘었다는 사실	전문가들이 '하반기 30%' 전망은 이미 달성을 했습니다.	breakdown/cBFFyqiKFRs_transcript.txt	84	61560	1	0	0	1
S006	우리	여러 값 나열	가정 두 개와 계산 결과(54세 은퇴)를 한 문장에 몰아 받음	물가 3%, 국민연금은 65세부터 월 100만원으로 넣고 파이어맵 은퇴 계산기로 보면, 이 가정에선 54세에 은퇴할 수 있어요.	ep/E-1/voice.json	846		1	0	0	4
S007	경쟁	이유	작은 소득이 있으면 필요 자산이 달라진다는 연결	퇴직 이후에도 일주일에 하루나 이틀 일을 하거나 자신의 경험을 활용해서 작은 소득을 만들 수 있다면 필요한 은퇴자산은 크게 달라질 수 있습니다.	breakdown/QtciAE40DlU_transcript.txt	112	29015	0	1	0	0
S008	우리	안내·예고	두 경우를 계산하겠다는 예고	지난 편과 같은 가정으로, 이번엔 나이가 다른 두 경우를 놓고 계산해 보겠습니다.	ep/E-2/voice.json	600		0	0	0	0
S009	우리	사실 하나	테슬라가 공시를 냈다는 사실(내용은 다음 문장)	그리고 9월 29일, 테슬라가 공시를 하나 냈습니다.	ep/E-2/voice.json	468		1	0	0	2
S010	우리	사실 하나	이 상품은 분배금 전부가 과세표준이라는 사실	반대로 미국 주식에 투자하는 코덱스 미국배당커버드콜액티브는, 1년 분배금 1,184원이 전부 과세표준이었어요.	ep/A-1/voice.json	552		1	0	0	2
S011	우리	여러 값 나열	최대 낙폭 기간과 크기(날짜 둘·비율 하나)	5년 동안 가장 크게 빠졌던 때는 2021년 11월부터 2023년 1월까지로, 73.6% 하락했습니다.	ep/E-2/voice.json	584		1	0	0	6
S012	우리	여러 값 나열	아래 절반의 연봉 몫·세금 몫 두 비율	반대로 아래 절반, 상위 51%부터 100%까지는 연봉의 20.4%를 받고 세금은 1.43%를 냈어요.	ep/N-1/voice.json	254		1	0	0	4
S013	경쟁	장면·이야기	인물 이야기의 한 조각(직책으로 불린다)	직책으로 불립니다.	breakdown/vr5qMqpwPZM_transcript.txt	203	526034	0	0	0	0
S014	경쟁	안내·예고	끝까지 보라는 부탁	끝까지 따라와 봐.	breakdown/X3D8NVks04w_transcript.txt	19	113455	0	0	0	0
S015	우리	여러 값 나열	점유율이 41.4%에서 76.3%로 바뀐 두 값	에스케이하이닉스는 41.4%에서 76.3%로.	ep/E-1/voice.json	506		1	0	0	2
S016	경쟁	강조·맞장구	앞 말에 맞장구(해당된다)	여기에 해당되죠.	breakdown/W42NW4wF5LU_transcript.txt	56	108741	0	0	0	0
S017	우리	사실 하나	맨 아래 칸 평균이 21만원이라는 값 하나	반대로 맨 아래 1% 칸 평균은 21만원이에요.	ep/N-1/voice.json	112		1	0	0	2
S018	우리	뜻 풀이	두 줄에서 자리가 다르다는 화면 요약	두 줄에서 자리가 이렇게 다를 수 있어요.	ep/N-1/voice.json	482		0	1	0	0
S019	우리	사실 하나	2억원이면 상위 1% 바로 안쪽이라는 위치	2억원까지 가면 드디어 상위 1% 칸 바로 안쪽에 들어갑니다.	ep/N-1/voice.json	188		1	0	0	2
S020	우리	규칙·구조	피부양자가 되면 본인 보험료 0원이라는 규칙	가족 중 직장가입자의 피부양자로 들어가면 본인 보험료는 0원이에요.	ep/D-1/voice.json	138		1	0	0	1
S021	경쟁	이유	KV를 받으면 쓰기·열이 늘어 신뢰성이 나빠지는 원인 사슬	실시간 KV를 계속 받아주기 시작하면 NAND의 프로그램 동작이 급격히 많아지겠죠 그러면 쓰기 전력이랑 열도 커지고 P/E를 계속 소비하게 되면서 신뢰성 관리가 훨씬 어려워지게 되는 거에요	breakdown/gJTto7SP8w0_transcript.txt	126	110273	1	1	0	0
S022	경쟁	사실 하나	평균이 4억 7천만원이라는 값 하나	4억 7천만 원입니다.	breakdown/zjie3J7lIRw_transcript.txt	31	71012	1	0	0	2
S023	우리	규칙·구조	재산세 과표 5억 4천 이하면 통과라는 기준	재산세 과세표준이 5억 4,000만원 이하면 통과입니다.	ep/D-1/voice.json	558		1	0	0	2
S024	우리	여러 값 나열	상위 10% 문턱과 1년 증가액 두 값	셋째, 가구 순자산 상위 10% 문턱은 11억 20만원이고, 1년 새 5,428만원 올랐습니다.	ep/N-1/voice.json	472		1	0	0	5
S025	경쟁	강조·맞장구	'이게 현실'이라는 강조	그게 이제 현실입니다, 이게.	breakdown/vr5qMqpwPZM_transcript.txt	17	526034	0	0	0	0
S026	경쟁	근거 밝힘	수입 0으로 놓고 계산했다는 가정	그래서 수입을 0으로 놓고 계산기에 넣어봤습니다.	breakdown/HuRs1geEFmo_transcript.txt	81	7326	0	0	0	1
S027	우리	할 일	계산기에 넣으면 은퇴 나이 변화가 나온다는 사용법	은퇴 나이가 몇 년 달라지는지 바로 나옵니다.	ep/D-1/voice.json	760		0	0	1	0
S028	우리	규칙·구조	미국 상장 ETF는 미국 15%만 떼고 끝난다는 규칙	미국에 상장된 이티에프를 직접 사면, 분배금에서 미국이 15%를 먼저 떼고 한국에서는 더 떼지 않아요.	ep/A-1/voice.json	503		1	0	0	1
S029	우리	사실 하나	반기보고서에 판매가 약 220% 상승이라 적혀 있다는 사실	"삼성전자 반기보고서엔 ""메모리 평균 판매가격은 전년 연간 평균 대비 약 220% 상승""이라고 나와요."	ep/E-1/voice.json	400		1	0	0	1
S030	경쟁	안내·예고	한마디로 정리하겠다는 예고	그래서 한마디로 정리하면 이렇습니다.	breakdown/cBFFyqiKFRs_transcript.txt	112	61560	0	0	0	0
S031	경쟁	사실 하나	예시 인물은 금융소득 2,500만원이 다 반영된다는 적용 결과	그래서 금융소득은 2,500만 원이 다 반영됩니다.	breakdown/W42NW4wF5LU_transcript.txt	97	108741	1	0	0	1
S032	우리	여러 값 나열	설비투자 계획액과 신용한도 두 금액	설비투자는 올해 250억 달러를 넘길 계획이고, 9월 29일엔 300억 달러 신용 한도를 열었어요.	ep/E-2/voice.json	696		1	0	0	4
S033	우리	안내·예고	여기까지가 지역가입자 계산이라는 구간 표시	여기까지는 지역가입자 계산이에요.	ep/D-1/voice.json	538		0	0	0	0
S034	우리	규칙·구조	퇴직 뒤 36개월 안에서 임의계속가입이 가능하다는 규칙	퇴직 다음 날부터 36개월을 넘지 않는 범위에서 임의계속가입자로 남는 길입니다.	ep/D-1/voice.json	588		1	0	0	1
S035	우리	이유	위로 갈수록 칸 간격이 넓어서라는 이유	위로 갈수록 칸 사이 간격이 넓어지기 때문입니다.	ep/N-1/voice.json	208		1	1	0	0
S036	우리	이유	메모리 값이 오르면 파는 쪽·사는 쪽이 갈린다는 연결	메모리 값이 오르면 파는 쪽은 웃고, 사는 쪽은 부담이 커집니다.	ep/E-1/voice.json	450		0	1	0	0
S037	경쟁	뜻 풀이	급여가 높았으면 임의계속 보험료도 높다는 뜻	급여가 높았다는 것은 임의계속 보험료도 높다는 뜻입니다.	breakdown/wM09H0bKxXY_transcript.txt	40	4119	1	1	0	0
S038	우리	근거 밝힘	5년 전 값은 주식 분할을 반영했다는 계산 근거	5년 전 값은 주식 분할을 반영한 가격이에요.	ep/E-2/voice.json	564		0	0	0	1
S039	우리	여러 값 나열	두 상품의 1년 뒤 잔액 두 값	1억을 넣고 1년이 지났을 때, 계좌에 남은 돈이 제피큐는 1억 1,679만원, 슈드는 1억 2,462만원이었어요.	ep/A-1/voice.json	10		1	0	0	6
S040	우리	여러 값 나열	판관비 금액과 증가율 두 값	판매관리비도 19억 8,200만 달러로 45.1% 늘었고요.	ep/E-2/voice.json	336		1	0	0	3
S041	경쟁	판단·전망	CPO가 중요해진다는 시장 이야기(전망)	그래서 이제 CPO의 중요성이 굉장히 높아질 거다 요런 스토리로 흘러갔죠.	breakdown/IOBgv9nZCTE_transcript.txt	79	70372	0	0	0	0
S042	우리	안내·예고	오늘 다섯 가지를 본다는 목차	오늘은 다섯 가지를 봅니다.	ep/E-1/voice.json	82		0	0	0	0
S043	경쟁	이유	같은 모델을 평생 쓸 가능성은 낮다는 논리 한 단계	근데 실제 서비스 환경에서 평생 동안 계속 같은 모델만 올려놓고 사용할 가능성은 얼마나 될까요? 굉장히 낮겠죠	breakdown/gJTto7SP8w0_transcript.txt	134	110273	0	1	0	0
S044	경쟁	사실 하나	물가 압력이 아직 높다는 상황 판단	여전히 물가 압력이 높은 상황입니다.	breakdown/jSP16zTrEHY_transcript.txt	78	403904	1	0	0	0
S045	경쟁	판단·전망	임의계속가입이 무조건 유리하진 않다는 판단	임의계속가입이 무조건 유리한 것은 아닙니다.	breakdown/wM09H0bKxXY_transcript.txt	113	4119	1	1	0	0
S046	우리	할 일	전체 표를 카페에 올린다는 자료 위치	오늘 본 이티에프별 전체 표는 파이어맵 카페에 올려 둘게요.	ep/A-1/voice.json	853		0	0	1	0
S047	경쟁	질문	고용이 좋으면 좋은 거 아니냐는 질문	고용 잘 나오면 좋은 거 아니냐고요?	breakdown/tVaz2qoAySM_transcript.txt	31	117264	0	0	0	0
S048	우리	규칙·구조	비과세 소득은 빠진다는 규칙	비과세 소득은 빠집니다.	ep/D-1/voice.json	214		1	0	0	0
S049	우리	규칙·구조	국내 상장 ETF는 과세표준으로 따진다는 규칙	국내 상장 이티에프는 분배금 전체가 아니라 과세표준으로 따지는데요.	ep/A-1/voice.json	627		1	0	0	0
S050	경쟁	판단·전망	그래야 퇴사를 안 한다는 이야기 속 판단	그래야 퇴사를 안 하죠.	breakdown/vr5qMqpwPZM_transcript.txt	267	526034	0	1	0	0
S051	우리	질문	지역가입자 건보료가 얼마냐는 질문	퇴직하고 지역가입자가 되면, 건강보험료는 매달 얼마일까요?	ep/D-1/voice.json	21		0	0	0	0
S052	경쟁	판단·전망	일의 값어치와 성장이 제일 중요하다는 교훈	그 일을 통해서 내가 얼마나 값어치 있는 일을 하고 좋은 사람과 소통하고 내가 얼마나 계속해서 실력이 올라가는 사람이냐, 김 부장에게나 정 사장에게나 그리고 저와 여러분의 회사에게서나 이게 제일 중요하다는 거 놓치면 안 될 것 같습니다.	breakdown/vr5qMqpwPZM_transcript.txt	299	526034	0	1	0	0
S053	우리	선 긋기	어떤 종목이 오를지 말하지 않는다는 선 긋기	어느 종목이 앞으로 오를지는 이 영상에서 말하지 않습니다.	ep/E-1/voice.json	942		0	0	0	0
S054	경쟁	사실 하나	기준금리가 두 번 올라 3.0%가 됐다는 사실	2회 연속 인상하면서 기준금리 3.0%가 됐습니다.	breakdown/jSP16zTrEHY_transcript.txt	90	403904	1	0	0	2
S055	경쟁	질문	이상하지 않냐는 질문	이상하지 않으신가요?	breakdown/vJ6VxHMQsyA_transcript.txt	10	12710	0	0	0	0
S056	우리	안내·예고	마지막 순서(피부양자 조건·확인법) 예고	마지막은 피부양자로 남는 조건과 직접 확인하는 방법입니다.	ep/D-1/voice.json	102		0	0	0	0
S057	경쟁	뜻 풀이	5,400만원이면 상위 20%로 보면 된다는 풀이	5,400만 원 하면 상위 20%에 해당된다, 이렇게 보시면 되겠습니다.	breakdown/vr5qMqpwPZM_transcript.txt	60	526034	1	1	0	2
S058	우리	뜻 풀이	분배금이 주가 하락을 메웠다는 풀이	분배금 10.07%가 주가 하락을 꽤 메워 준 거죠.	ep/A-1/voice.json	380		1	1	0	1
S059	우리	할 일	계산기 어느 칸에 무엇을 넣는지 입력법	입력할 때 이자와 배당은 '사업소득 등' 칸에 넣고, 연금은 연금 칸에 받은 금액 그대로 넣으면 50%는 화면이 알아서 반영해요.	ep/D-1/voice.json	664		1	0	1	1
S060	경쟁	규칙·구조	칩이 추론·훈련 연산에 쓰인다는 구조 설명	차량과 옵티머스 내부에서 학습된 AI 모델을 실시간으로 실행하는 추론 연산을 담당하는데 데이터 센터에서는 AI 모델의 훈련 학습 연산에도 활용됩니다.	breakdown/5e8rHSGs5sw_transcript.txt	66	155574	1	0	0	0
S061	우리	사실 하나	이번 3개월은 같이 떨어졌다는 사실	이번 3개월은 거의 같이 떨어졌습니다.	ep/A-1/voice.json	201		1	0	0	1
S062	우리	선 긋기	어느 쪽이 싼지는 사람마다 다르다는 한계	지역가입자 보험료와 어느 쪽이 적은지는 사람마다 다릅니다.	ep/D-1/voice.json	598		0	0	0	0
S063	경쟁	사실 하나	하이닉스는 그 얘기가 없었다는 사실	하이닉스는 그 얘기가 아예 없었어요.	breakdown/-Yh53SjCAiw_transcript.txt	16	117546	1	0	0	0
S064	우리	사실 하나	올해 설비투자 예상액 하나	그리고 회사는 올해 설비투자가 250억 달러를 넘을 걸로 예상했습니다.	ep/E-2/voice.json	412		1	0	0	1
S065	경쟁	사실 하나	앞 질문의 답이 AI라는 사실	답은요, AI예요.	breakdown/tVaz2qoAySM_transcript.txt	11	117264	0	0	0	0
S066	경쟁	안내·예고	난감한 부분이 하나 있다는 예고	여기서 실제 AI 시장을 생각해 보면 좀 난감한 부분이 하나 생기는데요	breakdown/gJTto7SP8w0_transcript.txt	130	110273	0	0	0	0
S067	우리	할 일	공단 모의계산 메뉴로 둘 다 계산하고 자격은 공단에 확인하라는 방법	공단 모의계산에 '임의계속보험료' 메뉴가 따로 있어서 둘 다 계산해 볼 수 있고, 신청 자격과 기한은 공단에 확인하는 게 정확해요.	ep/D-1/voice.json	598		1	0	1	0
S068	우리	사실 하나	스페이스X 지분을 샀다는 사실	같은 상반기에 스페이스X 지분도 20억 달러어치 샀고요.	ep/E-2/voice.json	432		1	0	0	1
S069	우리	사실 하나	다른 상품도 방식이 같다는 연결 한 마디	제피도 방식은 같은데요.	ep/A-1/voice.json	132		0	0	0	0
S070	경쟁	질문	50살이라는 예시 상황을 묻는 말	50살이다?	breakdown/vr5qMqpwPZM_transcript.txt	86	526034	0	0	0	1
S071	우리	안내·예고	절벽이 나온다는 예고	여기서 오늘의 절벽이 나와요.	ep/D-1/voice.json	224		0	0	0	0
S072	경쟁	이유	대기업 장점 첫째(실력 있는 사람)	1번, 실력 있는 사람들이 옆에 있어요.	breakdown/vr5qMqpwPZM_transcript.txt	154	526034	0	1	0	1
S073	경쟁	사실 하나	한 주로 보면 제자리였다는 사실	그런데 한 주 전체로 보면 제자리였지.	breakdown/X3D8NVks04w_transcript.txt	7	113455	1	0	0	0
S074	우리	안내·예고	넷째 항목 이름(세금과 건보료)	넷째, 세금과 건보료.	ep/A-1/voice.json	77		0	0	0	0
S075	경쟁	여러 값 나열	회사 이름 다섯 개 나열	맥도날드, 홈디포, 퀄컴, 펩시, 블랙록이 있습니다.	breakdown/jSP16zTrEHY_transcript.txt	201	403904	1	0	0	0
S076	경쟁	사실 하나	확장 용량 1위가 코어위브라는 사실	내년까지 확장될 용량도 코어위브가 3.2GW로 1위를 차지하고 있습니다.	breakdown/jSP16zTrEHY_transcript.txt	187	403904	1	0	0	2
S077	우리	선 긋기	이유는 짐작하지 않겠다는 선 긋기	그래서 이유는 짐작하지 않겠습니다.	ep/E-1/voice.json	708		0	0	0	0
S078	경쟁	할 일	분산 투자 ETF를 선택지로 생각해 보라는 제안	대표적으로 미국 S&P500처럼 여러 기업에 분산투자하는 광범위한 주식형 ETF를 생각해볼 수 있습니다.	breakdown/QtciAE40DlU_transcript.txt	52	29015	0	0	1	1
S079	경쟁	안내·예고	문제는 급여가 높았던 사람이라는 초점 예고	문제는 급여가 높았던 분입니다.	breakdown/wM09H0bKxXY_transcript.txt	39	4119	0	0	0	0
S080	경쟁	사실 하나	신약 경쟁이 시작됐다는 사실	비만 치료제 다음 신약 경쟁이 시작됐습니다.	breakdown/jSP16zTrEHY_transcript.txt	197	403904	1	0	0	0
S081	경쟁	사실 하나	순자산 7억 언저리가 상위 20% 경계라는 사실	그리고 순자산 7억 원 언저리가 상위 20%로 들어가는 경계선이에요.	breakdown/zjie3J7lIRw_transcript.txt	40	71012	1	0	0	2
S082	우리	여러 값 나열	월·연 차이 금액 두 값	한 달에 6만 7,860원, 1년이면 81만 4,320원 차이예요.	ep/D-1/voice.json	456		1	0	0	5
S083	우리	안내·예고	끝까지 보면 문턱 상승 이야기가 나온다는 예고	그리고 끝까지 보시면, 1년 사이 한가운데 가구의 순자산은 거의 그대로였는데 상위 10% 문턱만 5,428만원 뛴 이야기가 나옵니다.	ep/N-1/voice.json	31		1	0	0	3
S084	우리	사실 하나	1년 전 가격보다 내려왔다는 사실	1년 전엔 443.21달러였으니 그보다 내려왔어요.	ep/E-2/voice.json	554		1	0	0	2
S085	경쟁	사실 하나	기술적으로 가능해졌다는 사실	근데 이제 기술적으로 가능하게 되었습니다.	breakdown/-Yh53SjCAiw_transcript.txt	6	117546	1	0	0	0
S086	경쟁	안내·예고	다시 돌아가 보겠다는 안내	그럼 돌아가 볼게요.	breakdown/W42NW4wF5LU_transcript.txt	46	108741	0	0	0	0
S087	경쟁	사실 하나	2년 3개월 뒤엔 혼자 내는 쪽이 싸질 수 있다는 계산 결과	그런데 2년 3개월이 지나면 혼자 내는 쪽이 더 싸질 수 있습니다.	breakdown/HuRs1geEFmo_transcript.txt	149	7326	1	0	0	2
S088	경쟁	판단·전망	HBF 경쟁은 적층 게임만이 아니라는 판단	그래서 HBF 경쟁은 단순히 누가 NAND를 16단짜리로 잘 쌓느냐 이런 것의 게임이 아니라는 거에요	breakdown/gJTto7SP8w0_transcript.txt	157	110273	0	1	0	1
S089	경쟁	장면·이야기	차 타고 주말에 스크린 골프 가는 장면	요거 타고 주말에 스크린 골프장 가죠?	breakdown/vr5qMqpwPZM_transcript.txt	112	526034	0	0	0	0
S090	경쟁	뜻 풀이	음수 칸은 갚을 게 더 많은 가구라는 풀이	가진 것보다 갚을 게 많은 가구예요.	breakdown/zjie3J7lIRw_transcript.txt	19	71012	0	1	0	0
S091	경쟁	규칙·구조	여기서 1억을 더 빼 준다는 규칙	그리고 여기서 또 1억을 빼드립니다.	breakdown/HuRs1geEFmo_transcript.txt	124	7326	1	0	0	1
S092	경쟁	판단·전망	물가·금리가 흐름을 흔들 수 있다는 전망	근데 이번 주 물가지표하고 금리가 이 흐름을 흔들 수 있다는 것.	breakdown/tVaz2qoAySM_transcript.txt	42	117264	0	1	0	0
S093	경쟁	규칙·구조	AI가 검색·프로그램 실행을 알아서 한다는 기능 설명	검색도 하고 프로그램도 돌리고 일을 알아서 처리해줘요.	breakdown/tVaz2qoAySM_transcript.txt	16	117264	0	0	0	0
S094	우리	뜻 풀이	그 선을 월 141만 7천원 분배금으로 바꿔 말한 풀이	미국 상장 이티에프로 치면, 세금 떼고 월 141만 7천원쯤 받을 때 그 선에 닿습니다.	ep/A-1/voice.json	620		1	1	0	2
S095	우리	이유	맨 위 몇 칸이 평균을 끌어올린다는 이유	맨 위 몇 칸이 평균을 확 끌어올리거든요.	ep/N-1/voice.json	92		1	1	0	0
S096	우리	안내·예고	오늘 볼 항목 여섯 개 목차	1년 주가와 그 안의 최대 낙폭, 여덟 분기 매출, 이익률, 주가와 이익 나란히 보기, 그리고 회사가 스스로 적은 위험입니다.	ep/E-1/voice.json	92		0	0	0	1
S097	우리	근거 밝힘	수익률 연 5% 가정	수익률은 연 5%로 가정합니다.	ep/E-1/voice.json	836		0	0	0	1
S098	우리	판단·전망	은퇴 생활비에서 건보료를 빼먹기 쉽다는 경고	은퇴 생활비를 계산할 때 건보료를 빼먹기 쉬운데요.	ep/D-1/voice.json	750		0	1	0	0
S099	경쟁	규칙·구조	재산금액에서 1억을 빼 준다는 규칙	재산금액은 재산세 과세표준에서 1억 원을 빼줍니다.	breakdown/W42NW4wF5LU_transcript.txt	118	108741	1	0	0	1
S100	경쟁	이유	대기업 장점 셋째 항목 이름	3번, 시스템과 프로세스가 있습니다.	breakdown/vr5qMqpwPZM_transcript.txt	159	526034	0	0	0	1
S101	우리	선 긋기	원자료 정리이고 상품 권유가 아니라는 선 긋기	이 영상은 국세청·국가데이터처 원자료를 정리해 보여 드린 것이고, 특정 상품을 사거나 팔라는 뜻이 아닙니다.	ep/N-1/voice.json	502		0	0	0	0
S102	우리	안내·예고	설비투자도 봐야 한다는 다음 항목 안내	공장과 장비, 데이터센터에 쓰는 돈, 설비투자도 봐야 해요.	ep/E-2/voice.json	392		0	0	0	0
S103	경쟁	판단·전망	이 대목이 삼성에 반전 실마리라는 평가	그리고 이 대목이 삼성에겐 반전의 실마리입니다.	breakdown/rmajvVmxGxM_transcript.txt	46	63717	0	1	0	0
S104	우리	사실 하나	상반기 인도 대수가 약 83만 8천 대라는 사실	회사는 상반기에 차를 약 83만 8천 대 인도했다고 적었어요.	ep/E-2/voice.json	174		1	0	0	2
S105	경쟁	뜻 풀이	상위 7% 안이라고 보면 된다는 풀이	그러니까 상위 7% 이내로 들어온다, 이렇게 보시면 돼요.	breakdown/vr5qMqpwPZM_transcript.txt	32	526034	1	1	0	1
S106	경쟁	뜻 풀이	이미 77만원을 냈다는 뜻 풀이	즉, 이자나 배당받을 때 이미 77만 원을 납부한 거죠.	breakdown/W42NW4wF5LU_transcript.txt	64	108741	1	1	0	1
S107	경쟁	강조·맞장구	이번 주가 진짜 중요하다는 강조	그래서 이번 주가 진짜 중요해요.	breakdown/tVaz2qoAySM_transcript.txt	34	117264	0	0	0	0
S108	우리	사실 하나	분배금이 매달 다르고 과세 몫이 0~100%로 갈렸다는 사실	분배금은 매달 달랐고, 세금이 붙는 몫은 안에 담은 자산에 따라 0%부터 100%까지 갈렸습니다.	ep/A-1/voice.json	778		1	0	0	2
S109	경쟁	뜻 풀이	HBM4 생산이 안정적으로 늘고 있다는 신호라는 풀이	그런데 HBM4는 비교적 안정적으로 생산량을 늘리고 있다는 신호입니다, 이것이.	breakdown/cBFFyqiKFRs_transcript.txt	62	61560	1	1	0	1
S110	우리	사실 하나	1만원 차이에 건보료 54만원 차이라는 대비	1년에 1만원 더 받았을 뿐인데, 건보료는 1년에 54만원 넘게 차이가 나요.	ep/D-1/voice.json	41		1	1	0	4
S111	우리	사실 하나	분기보고서에 규제 크레딧 제한이 적혀 있다는 사실	테슬라는 분기 보고서에 최근 정부와 규제 당국의 조치로 일부 규제 크레딧 제도가 제한됐다고 적었어요.	ep/E-2/voice.json	290		1	0	0	0
S112	우리	근거 밝힘	물가·연금 가정 두 개	물가는 연 3%, 국민연금은 65세부터 월 100만원으로 잡았습니다.	ep/A-1/voice.json	798		0	0	0	3
S113	우리	사실 하나	코덱스200 1년 수익률 135%라는 사실	코스피200을 그대로 따라가는 코덱스 200은 최근 1년 수익률이 135%였습니다.	ep/A-1/voice.json	173		1	0	0	4
S114	우리	규칙·구조	칸 평균을 구하는 계산법	사람 수로 나누면 그 칸의 평균이 나오죠.	ep/N-1/voice.json	72		0	0	0	0
S115	우리	강조·맞장구	공짜는 없다는 맞장구	물론 공짜는 없죠.	ep/A-1/voice.json	139		0	0	0	0
S116	우리	규칙·구조	ETF 분배금도 배당소득이라는 규칙	이티에프 분배금도 배당소득이에요.	ep/D-1/voice.json	700		1	0	0	0
S117	경쟁	규칙·구조	종류별 기준 금액이 다르다는 규칙	종류별로 기준 금액도 좀 다릅니다.	breakdown/zjie3J7lIRw_transcript.txt	5	71012	0	0	0	0
S118	우리	안내·예고	정리하겠다는 안내	정리해 볼게요.	ep/N-1/voice.json	442		0	0	0	0
S119	경쟁	사실 하나	2분기 설치 용량 1위가 코어위브라는 사실	2분기 설치 용량을 보면 코어위브가 1.5GW로 가장 많죠.	breakdown/jSP16zTrEHY_transcript.txt	186	403904	1	0	0	2
S120	우리	여러 값 나열	서비스 부문 금액과 증가율 두 값	서비스와 기타는 46억 달러로, 1년 전보다 50.4% 늘어 가장 빨랐어요.	ep/E-2/voice.json	194		1	0	0	3
S121	경쟁	사실 하나	두 결과를 나란히 보여주지 않는다는 사실	그런데 두 결과를 나란히 보여주지는 않습니다.	breakdown/wM09H0bKxXY_transcript.txt	69	4119	1	0	0	0
S122	경쟁	사실 하나	골프 인구 45.2%가 40대라는 사실	골프 인구의 45.2%가 40대예요.	breakdown/vr5qMqpwPZM_transcript.txt	94	526034	1	0	0	2
S123	우리	안내·예고	1년 전과 나란히 놓아 봤다는 방법 안내	같은 조사를 1년 전과 나란히 놓아 봤어요.	ep/N-1/voice.json	366		0	0	0	1
S124	우리	질문	분배금이 얼마나 메웠냐는 질문	그 차이를 분배금이 얼마나 메웠을까요.	ep/A-1/voice.json	339		0	0	0	0
S125	경쟁	사실 하나	행동하는 쪽이 베센트라는 사실	여기서 행동하는 쪽은 베센트입니다.	breakdown/jSP16zTrEHY_transcript.txt	164	403904	0	0	0	0
S126	우리	사실 하나	보고서에 사이버캡 생산 시작이 적혀 있다는 사실	회사는 이 보고서에서 사이버캡 생산을 시작했고, 옵티머스 개발을 계속 진행한다고 적었습니다.	ep/E-2/voice.json	376		1	0	0	0
S127	경쟁	여러 값 나열	적층·TSV·본딩·베이스다이 용어 나열	여기에 16단 적층, TSV, bonding, Base Die까지 붙게 됩니다	breakdown/gJTto7SP8w0_transcript.txt	87	110273	1	0	0	1
S128	우리	여러 값 나열	상품군별 과세 몫 비율 두 값	금융고배당 커버드콜은 20%, 미국 성장주와 테슬라 커버드콜은 절반쯤이었습니다.	ep/A-1/voice.json	586		1	0	0	1
S129	우리	근거 밝힘	11종을 전부 계산해 봤다는 방법	코덱스 커버드콜 11종의 최근 분배금에서, 세금이 붙는 몫을 전부 계산해 봤어요.	ep/A-1/voice.json	572		0	0	0	1
S130	우리	규칙·구조	연봉 순으로 100칸을 나눴다는 자료 구조	이 사람들을 연봉 순서로 세워서 100칸으로 나눴어요.	ep/N-1/voice.json	62		1	0	0	1
S131	경쟁	이유	그래서 메모리 주식이 한꺼번에 뛰었다는 결과	그래서 SK하이닉스, 마이크론, 샌디스크, 이런 메모리 회사 주식들이 한꺼번에 튄 거예요.	breakdown/tVaz2qoAySM_transcript.txt	23	117264	1	1	0	0
S132	경쟁	이유	계산이 늘면 그래픽 카드가 더 필요하다는 연결	계산이 늘면 그래픽 카드가 더 필요하고요.	breakdown/tVaz2qoAySM_transcript.txt	20	117264	0	1	0	0
S133	우리	할 일	실수령액은 영상 끝 계산기에서 본다는 안내	내 연봉의 실수령액은 영상 끝 계산기에서 바로 볼 수 있습니다.	ep/N-1/voice.json	264		0	0	1	0
S134	경쟁	뜻 풀이	삼성 성장이 경쟁사보다 빨랐다는 뜻 풀이	SK 하이닉스와 마이크론의 HBM 매출이 실제로 감소했기보다 빠르게 커지는 시장에서 삼성의 매출 증가 속도가 경쟁사보다 훨씬 빨랐다는 사실을 보여주고 있는 겁니다.	breakdown/cBFFyqiKFRs_transcript.txt	44	61560	1	1	0	0
S135	경쟁	안내·예고	기준은 딱 하나라는 예고	사업을 고를 때도 직무를 나눌 때도 기준은 딱 하나예요.	breakdown/vr5qMqpwPZM_transcript.txt	265	526034	0	0	0	0
S136	우리	사실 하나	세 회사 모두 이익이 주가보다 더 늘었다는 결과	결과가 좀 의외인데요, 세 회사 모두 영업이익이 주가보다 더 많이 늘었습니다.	ep/E-1/voice.json	602		1	0	0	0
S137	우리	여러 값 나열	두 상품의 금액 두 값	국내 상장 중에선 코덱스 미국배당커버드콜액티브가 1억 4,700만원, 코덱스 200타겟위클리커버드콜이 7,900만원이었죠.	ep/A-1/voice.json	737		1	0	0	4
S138	경쟁	장면·이야기	청구서가 온다는 이야기 조각	청구서가 있습니다.	breakdown/vr5qMqpwPZM_transcript.txt	172	526034	0	0	0	0
S139	경쟁	사실 하나	마소가 크게 올랐다는 사실	왼쪽에 있는 빅테크를 먼저 보면 이번 주 마소가 큰 폭으로 올랐죠.	breakdown/jSP16zTrEHY_transcript.txt	36	403904	1	0	0	0
S140	경쟁	사실 하나	삼성이 HBM4로 1조 매출을 냈다는 기사 사실	그다음에 이제 그거는 기사 보셨으면은 삼성전자가 5월 달에 기사 나왔던 게, HBM4로 벌써 1조 매출을 달성했다고 나왔어요.	breakdown/-Yh53SjCAiw_transcript.txt	16	117546	1	0	0	3
S141	경쟁	장면·이야기	누가 S를 받으면 누가 C를 받는다는 회사 이야기	저희 가인지TV에서도 한 번 다뤘습니다만 어쨌든 무지막지한 누군가가 S를 받으면 누군가는 C를 받고 그렇습니다.	breakdown/vr5qMqpwPZM_transcript.txt	174	526034	0	0	0	0
S142	우리	선 긋기	왜 팔았는지는 서류에 없다는 선 긋기	왜 팔았는지는 서류에 적혀 있지 않습니다.	ep/E-1/voice.json	708		0	0	0	0
S143	우리	뜻 풀이	벌써 가운데를 넘었다는 위치 풀이	벌써 가운데를 넘었죠.	ep/N-1/voice.json	148		0	1	0	0
S144	경쟁	안내·예고	온도를 보면 이유를 안다는 예고	실제 DGX Spark 계열 시스템의 온도를 보면 왜 그런지 감이 오는데요	breakdown/gJTto7SP8w0_transcript.txt	24	110273	0	0	0	0
S145	우리	사실 하나	55세로 1년 늦어진다는 계산 결과	55세, 1년 늦어집니다.	ep/E-1/voice.json	866		1	0	0	2
S146	우리	질문	이익이 주가만큼 늘었냐는 질문	그럼 이익은 정말 주가만큼 늘었을까요?	ep/E-1/voice.json	51		0	0	0	0
S147	우리	근거 밝힘	국세청이 칸별 합계를 알려 준다는 자료 근거	국세청은 칸마다 연봉을 다 더한 값을 알려 줘요.	ep/N-1/voice.json	72		0	0	0	0
S148	경쟁	사실 하나	안 쓰는 게 아니라 다 쓴다는 짧은 말	근데 안 쓰는 건 아니고 다 씁니다.	breakdown/-Yh53SjCAiw_transcript.txt	17	117546	0	0	0	0
S149	경쟁	강조·맞장구	이게 핵심이라는 강조	이게 핵심입니다.	breakdown/vr5qMqpwPZM_transcript.txt	282	526034	0	0	0	0
S150	경쟁	규칙·구조	성공·실패로 강화 학습을 돌린다는 구조	여기에서 성공 실패를 하면서 강화 학습 루프를 돌리게 되는 겁니다.	breakdown/5e8rHSGs5sw_transcript.txt	42	155574	1	0	0	0
S151	경쟁	사실 하나	장비 회사까지 올랐다는 사실	그래서 장비 회사들까지 온기가 퍼졌다는 것.	breakdown/tVaz2qoAySM_transcript.txt	41	117264	1	0	0	0
S152	경쟁	안내·예고	지난주 복기·이번 주 볼 것을 짚겠다는 예고	이번 영상에서는 지난주가 어떻게 마무리됐는지 복기해보고, 이번 주는 무슨 숫자가 언제 나오고 뭘 봐야 하는지 하루씩 짚어줄게.	breakdown/X3D8NVks04w_transcript.txt	18	113455	0	0	0	0
S153	경쟁	안내·예고	정황을 연결하면 이런 그림이라는 예고	결국 지금까지 나온 정황을 연결해 보면 이런 그림을 생각해 볼 수 있죠.	breakdown/5e8rHSGs5sw_transcript.txt	86	155574	0	0	0	0
S154	우리	할 일	1년 수익을 볼 때 안에 든 것을 같이 보라는 이유와 방법	1년 수익을 비교할 때 안에 뭐가 들었는지 같이 봐야 하는 이유예요.	ep/A-1/voice.json	490		0	1	1	1
S155	경쟁	할 일	두 숫자를 비교하면 된다는 방법	두 숫자를 비교하시면 됩니다.	breakdown/wM09H0bKxXY_transcript.txt	91	4119	0	0	1	0
S156	경쟁	뜻 풀이	그것이 인재 경영이라는 이름 붙이기	인재 경영이죠.	breakdown/vr5qMqpwPZM_transcript.txt	278	526034	0	0	0	0
S157	우리	장면·이야기	1,000만원과 1,001만원인 두 사람 예시	1년에 받는 배당과 이자가 1,000만원인 사람이 있고, 1,001만원인 사람이 있습니다.	ep/D-1/voice.json	11		0	0	0	3
S158	경쟁	질문	V3도 없는데 어떻게 5,000대냐는 질문	그러면 V3는 완성되지도 않았는데 어떻게 5,000대를 만드냐.	breakdown/5e8rHSGs5sw_transcript.txt	53	155574	0	0	0	2
S159	우리	여러 값 나열	두 칸의 평균 두 값	위에서 열 번째 칸, 그러니까 9%와 10% 사이 한 칸의 평균은 9,117만원인데, 상위 2% 칸은 1억 7,332만원이에요.	ep/N-1/voice.json	208		1	0	0	6
S160	우리	근거 밝힘	이 조사는 경계선을 직접 준다는 자료 근거	이 조사는 '여기부터 위 10%' 같은 경계선을 직접 알려 줘요.	ep/N-1/voice.json	290		0	0	0	1
S161	경쟁	이유	단기 매매가 많았다는 해석	엔비디아 실적에 맞춰서 단기 트레이딩 한 사람이 많았던 겁니다.	breakdown/jSP16zTrEHY_transcript.txt	57	403904	1	1	0	0
S162	우리	이유	모은 돈이 크면 같은 낙폭이 더 아프다는 연결	반대로 은퇴가 가까워서 모은 돈이 크고 더 넣을 돈이 적다면, 같은 낙폭이 훨씬 크게 작용하겠죠.	ep/E-1/voice.json	896		0	1	0	0
S163	경쟁	안내·예고	금융소득 이야기를 하겠다는 안내	그리고 금융소득에 대해서 말씀드리면요.	breakdown/W42NW4wF5LU_transcript.txt	18	108741	0	0	0	0
S164	경쟁	사실 하나	삼성과 같았다는 확인	삼성하고 동일했죠?	breakdown/cBFFyqiKFRs_transcript.txt	10	61560	0	0	0	0
S165	우리	여러 값 나열	작년·올해 금액 두 값	1년 전 11억 9,000만 달러에서 11억 2,800만 달러가 됐을 뿐입니다.	ep/E-2/voice.json	138		1	0	0	5
S166	우리	여러 값 나열	에너지 부문 금액·증가율·설치량 세 값	에너지 저장과 발전은 31억 달러로 12.5% 늘었고, 상반기에 22.3기가와트시를 설치했습니다.	ep/E-2/voice.json	184		1	0	0	3
S167	경쟁	질문	김 부장 하겠냐는 질문	대기업 김 부장 하시겠어요?	breakdown/vr5qMqpwPZM_transcript.txt	150	526034	0	0	0	0
S168	우리	근거 밝힘	마이크론 결산 시점이 달라 어느 분기를 쓰는지 근거	마이크론은 결산 시점이 달라서, 올해 9월 3일에 끝난 회계 4분기가 가장 최근 실적입니다.	ep/E-1/voice.json	244		0	0	0	3
S169	우리	이유	누진 구조라서 그렇다는 이유	소득세는 버는 만큼 세율이 올라가는 구조라서 이렇게 됩니다.	ep/N-1/voice.json	264		1	1	0	0
S170	경쟁	사실 하나	여기부터 상위 1%로 추정된다는 사실	여기부터 상위 1% 영역으로 추정이 됩니다.	breakdown/zjie3J7lIRw_transcript.txt	47	71012	1	0	0	1
S171	경쟁	장면·이야기	층에 머무는 사람과 올라가는 사람 이야기	수억 원을 만들고도 그 층에서 수십 년 머무는 분들이 있고 반대로 시작은 늦었는데 층을 계속해서 올라가는 분들이 있었습니다.	breakdown/zjie3J7lIRw_transcript.txt	78	71012	0	0	0	0
S172	경쟁	판단·전망	물가·실적·발언을 봐야 안다는 전망과 볼 것	이번 주 물가지표랑 오라클 실적, 젠슨 황 발언까지 봐야 AI 투자가 진짜 돈이 되는지 알 수 있을 거라고 했어요.	breakdown/tVaz2qoAySM_transcript.txt	38	117264	0	1	1	0
S173	경쟁	판단·전망	2분기는 복귀 확인, 하반기는 공급 확인이라는 전망	결국 2분기는 '삼성이 HBM 경쟁에 복귀했다'는 것을 확인한 분기였고 하반기는 삼성이 SK 하이닉스와 얼마나 대등하게 물량을 공급할 수 있는가를 확인하는 시기가 될 것은 틀림없다, 이렇게 보면 되겠습니다.	breakdown/cBFFyqiKFRs_transcript.txt	110	61560	1	1	0	1
S174	경쟁	장면·이야기	아재 룩이 나온다는 장면	그러니까 이제 아재 룩 나오는 겁니다.	breakdown/vr5qMqpwPZM_transcript.txt	121	526034	0	0	0	0
S175	우리	뜻 풀이	다섯 배 올라도 반 토막을 견뎌야 했다는 뜻	주가가 다섯 배 올랐어도, 그 사이 한 달 남짓 만에 반 넘게 빠지는 걸 견뎌야 했다는 뜻이죠.	ep/E-1/voice.json	31		1	1	0	0
S176	경쟁	사실 하나	AI 에이전트가 비인가 게시판을 찾았다는 사실	AI 에이전트가 활동하면서 공용 저장소에서 서로의 존재를 인식하고 비인가 메시지 보드를 발견했다고 합니다.	breakdown/jSP16zTrEHY_transcript.txt	124	403904	1	0	0	0
S177	우리	여러 값 나열	재투자 기준 두 상품 수익률 두 값	받은 분배금을 다시 사들였다고 치면, 제피는 93.06%, 같은 기간 에스피와이는 183.34%였어요.	ep/A-1/voice.json	339		1	0	0	2
S178	우리	규칙·구조	조건이 소득·재산 두 가지라는 규칙	조건은 소득과 재산 두 가지입니다.	ep/D-1/voice.json	538		1	0	0	0
S179	우리	규칙·구조	재산 기준이 두 단계라는 규칙	재산 기준은 두 단계예요.	ep/D-1/voice.json	558		0	0	0	0
S180	경쟁	안내·예고	내일 다시 확인하겠다는 예고	이번 주 지나고 어떻게 될지 내일 다시 확인해볼게요.	breakdown/tVaz2qoAySM_transcript.txt	43	117264	0	0	0	0
S181	우리	안내·예고	첫째 항목 이름	첫째, 1년 뒤 남은 돈.	ep/A-1/voice.json	70		0	0	0	1
S182	우리	사실 하나	자동차 매출 안 항목이라는 분류 사실	자동차 매출 안에 들어 있는 항목이에요.	ep/E-2/voice.json	270		1	0	0	0
S183	경쟁	사실 하나	연구에서 읽기 패턴에 따라 오류 한계 횟수가 달랐다는 사실	2025년 STRAW 연구에서는 실제 고밀도 3D NAND를 반복해서 읽었을 때 접근 패턴에 따라가지고 ECC 한계까지 가는 횟수가 크게 달랐어요	breakdown/gJTto7SP8w0_transcript.txt	58	110273	1	0	0	2
S184	경쟁	판단·전망	실물이 나오면 다른 수치를 봐야 한다는 의견과 볼 것	그래서 앞으로 HBF나 zNAND-O의 실물이 나오게 되면 저는 초당 3TB 이런 걸 보는 게 아니라 다른 수치를 같이 보고 싶은데요	breakdown/gJTto7SP8w0_transcript.txt	162	110273	0	1	1	1
S185	우리	근거 밝힘	자료 출처(SEC·DART)	마이크론은 미국 증권거래위원회 에스이씨, 한국 두 회사는 금융감독원 전자공시 다트예요.	ep/E-1/voice.json	234		0	0	0	0
S186	경쟁	안내·예고	오늘 연금·금융소득을 말하겠다는 예고	오늘은요, 연금소득, 그리고 금융소득을 가지고 말씀드리도록 하겠습니다.	breakdown/W42NW4wF5LU_transcript.txt	10	108741	0	0	0	0
S187	우리	선 긋기	한 해 변화일 뿐이라는 한계	다만 이건 한 해 변화예요.	ep/N-1/voice.json	426		0	0	0	0
S188	우리	뜻 풀이	26%p 덜 벌었다는 뜻 풀이	오른 1년 동안 26퍼센트포인트쯤 덜 번 거죠.	ep/A-1/voice.json	187		1	1	0	2
S189	경쟁	사실 하나	세 회사가 NAND를 쌓은 제품을 낸다는 사실	삼성이랑 SK하이닉스, SanDisk가 NAND를 HBM처럼 쌓아가지고 가속기 가까이에 붙이는 그러니까 DRAM이 아닌 NAND Flash 기반으로 한 제품들을 계속 선보이고 있죠	breakdown/gJTto7SP8w0_transcript.txt	5	110273	1	0	0	0
S190	경쟁	사실 하나	SK하이닉스가 하루 8% 넘게 뛰었다는 사실	SK하이닉스 미국 주식은 하루 만에 8% 넘게 뛰었어요.	breakdown/tVaz2qoAySM_transcript.txt	9	117264	1	0	0	1
S191	경쟁	사실 하나	계산 결과 179,760원	179,760원이 나왔죠.	breakdown/HuRs1geEFmo_transcript.txt	45	7326	1	0	0	1
S192	경쟁	안내·예고	채널에서 이미 다뤘다는 채널 언급	안될공학 채널에서도 최근 HBF랑 zNAND-O 관련된 내용을 많이 정리해드렸는데요	breakdown/gJTto7SP8w0_transcript.txt	6	110273	0	0	0	0
S193	경쟁	사실 하나	금요일 분위기가 달랐다는 사실	약간 요런 분위기가 있었고 근데 금요일은 분위기가 달랐어요.	breakdown/IOBgv9nZCTE_transcript.txt	110	70372	0	0	0	0
S194	우리	사실 하나	순자산 1억은 20~30% 사이라는 위치	순자산 1억원이면 아래에서 20%와 30% 사이예요.	ep/N-1/voice.json	310		1	0	0	3
S195	경쟁	뜻 풀이	전력 병목이 처음 확인된 사례라는 풀이	"그래서 ""GPU가 아니라 전력이 병목""이라는 논의가 이제 개별 프로젝트 처음 확인이 됐다라는 사례로 볼 수가 있는데 어쨌든 요런 내용들은 이제 이전부터 좀 지연된다 지연된다 정치적인 문제도 있다라는 내용은 계속 있었죠?"	breakdown/IOBgv9nZCTE_transcript.txt	125	70372	1	1	0	0
S196	우리	사실 하나	임원 매도가 237건이라는 사실	올해 4월부터 8월 말까지 낸 서류를 모아 보면, 마이크론 임원과 이사가 시장에서 판 거래는 237건이었어요.	ep/E-1/voice.json	658		1	0	0	3
S197	경쟁	안내·예고	이유가 셋이라는 예고	이유는 셋이 겹쳤어.	breakdown/X3D8NVks04w_transcript.txt	26	113455	0	0	0	0
S198	경쟁	안내·예고	1% 원칙이 작동한다는 예고	여기서부터 매기울리의 1% 원칙이 작동하는데요.	breakdown/zjie3J7lIRw_transcript.txt	104	71012	0	0	0	1
S199	경쟁	사실 하나	대기업 부장 연봉 정점이 1억 언저리라는 사실	일반적으로 대기업에서 부장은 1억 언저리가 커리어의 정점입니다.	breakdown/vr5qMqpwPZM_transcript.txt	15	526034	1	0	0	1
S200	경쟁	뜻 풀이	이 층에 들면 상위 20%라는 풀이	이 층에 입주하는 것이 곧 상위 20% 진입입니다.	breakdown/zjie3J7lIRw_transcript.txt	41	71012	0	1	0	1
