date,channel_id,video_id,video_thumbnail_impressions,video_thumbnail_impressions_ctr
20261003,UCV3ZcSho5Z1i8k_FAiKPlVg,-KeJ1DBfp04,2,0
20261003,UCV3ZcSho5Z1i8k_FAiKPlVg,7eD6SLt_jKc,24,0.125
20261003,UCV3ZcSho5Z1i8k_FAiKPlVg,DBCBWToNFCs,6,0.16666666666666666
20261003,UCV3ZcSho5Z1i8k_FAiKPlVg,DNpdFtZyfE8,39,0
20261003,UCV3ZcSho5Z1i8k_FAiKPlVg,F28Wpv6sflU,8,0
20261003,UCV3ZcSho5Z1i8k_FAiKPlVg,GFoyIyBp9_c,46,0
20261003,UCV3ZcSho5Z1i8k_FAiKPlVg,GMc2Rd1-JYA,7,0
20261003,UCV3ZcSho5Z1i8k_FAiKPlVg,INvS3EzWelY,46,0.13043478260869565
20261003,UCV3ZcSho5Z1i8k_FAiKPlVg,JVTYZ208hgw,14,0.071428571428571425
20261003,UCV3ZcSho5Z1i8k_FAiKPlVg,KiHLbeioWNg,48,0.020833333333333332
20261003,UCV3ZcSho5Z1i8k_FAiKPlVg,P8Papm8Yxpw,40,0.025
20261003,UCV3ZcSho5Z1i8k_FAiKPlVg,SCOI0DP-l-s,2633,0.088112419293581462
20261003,UCV3ZcSho5Z1i8k_FAiKPlVg,XzMCiAwQhAo,37,0
20261003,UCV3ZcSho5Z1i8k_FAiKPlVg,ZeDuH-INrrk,1,0
20261003,UCV3ZcSho5Z1i8k_FAiKPlVg,ZnLLwQfCtHc,1,0
20261003,UCV3ZcSho5Z1i8k_FAiKPlVg,cxls2Ve18-k,5,0
20261003,UCV3ZcSho5Z1i8k_FAiKPlVg,d8NskLcsW7M,12,0
20261003,UCV3ZcSho5Z1i8k_FAiKPlVg,ep-ghj--hvY,12,0
20261003,UCV3ZcSho5Z1i8k_FAiKPlVg,gSKsQWjTabo,5,0
20261003,UCV3ZcSho5Z1i8k_FAiKPlVg,idc3JZOZukc,9,0
20261003,UCV3ZcSho5Z1i8k_FAiKPlVg,jgxoaaG_HdU,1,0
20261003,UCV3ZcSho5Z1i8k_FAiKPlVg,l2fBLQbSxQM,1,0
20261003,UCV3ZcSho5Z1i8k_FAiKPlVg,lNqM_tai2H4,51,0.0392156862745098
20261003,UCV3ZcSho5Z1i8k_FAiKPlVg,lTlbw5put1Q,4,0
20261003,UCV3ZcSho5Z1i8k_FAiKPlVg,scV67BQvC4Q,73,0.1095890410958904
20261003,UCV3ZcSho5Z1i8k_FAiKPlVg,smRSCgRa9XE,4,0
20261003,UCV3ZcSho5Z1i8k_FAiKPlVg,uhw0BEfejms,1,0
20261003,UCV3ZcSho5Z1i8k_FAiKPlVg,wm4zx62AkXc,20,0
20261003,UCV3ZcSho5Z1i8k_FAiKPlVg,wwfFszPl06g,14,0
20261003,UCV3ZcSho5Z1i8k_FAiKPlVg,yduGnS0sIm8,42,0
20261003,UCV3ZcSho5Z1i8k_FAiKPlVg,zhTjJwy1mwQ,26,0
