1006477	47.7	PT22M56S	2026-08-19	q3Pig5W6QaI	연금 받는 형	"모르면 노후에 후회한다" 국민연금 65세 말고 무조건 '이때' 받으세요 | 김현우 소장 
914885	0.17	PT2M28S	2026-08-21	O6hxSX1N0y0	SBS 뉴스	"한국서 한 달 일하고 매달 연금?"..외국인 '평생 연금' 실체에 '부글' (자막뉴스) 
760115	0.4	PT19M20S	2026-09-16	kVh88f2UbS0	MKTV 김미경TV	🟣모르면 손해본다! 9월부터 바뀌는 국민연금 제도 총정리 - 이영주 대표 1부 '언니가 대
652993	2.52	PT6M11S	2026-09-01	15gDm5r_4M0	춘천MBC뉴스	[자막] "외국인 연금 추납 싹 손봐라" 이재명 대통령 돌직구에 정은경 장관 긴급 보고
551266	0.1	PT2M11S	2026-09-01	UsAylB37k64	SBS 뉴스	"외국인 연금 추납 80%가 동포" 이틀 만에.."제도 개선" '이 조건' 없인 안 된다 
315554	0.08	PT12M3S	2026-09-16	AIPidoosrvs	KBS News	[한눈에 경제] 수천만 원 쏟던 '국민연금 추납 재테크'…성실히 낸 국민만 억울했는데 / 
290660	19.0	PT6S	2026-08-10	19cI5Q1kFNY	1분지혜	2026년 국민연금 실제 수령액 총정리! 내 연금액은? #국민연금 #노후준비
230074	1.35	PT13M49S	2026-05-23	aXRZ5RKNKog	여운봉 부자사관학교	자녀 18살 되면 무조건 국민연금부터 가입하세요 | 놓치면 평생 후회
185849	6.48	PT14M9S	2026-08-25	acPLoAXYROM	김성일 TV	국민연금 추납, 1,850만원 내고 월 15만원 더 받으면 이득일까?
156988	0.55	PT14M10S	2026-04-13	jb_lxOfsGhU	재테크는 두꺼비 세무사	2026년부터 싹 바뀐 국민연금 남보다 덜 내고 2배로 더 받는 법 "나중엔 절대 바꿀 수
126119	0.03	PT2M20S	2026-09-15	nuaiY2rzlVs	KBS News	“한 달 내고 평생 연금 받기?”…‘추납’ 제도 다 뜯어고친다 [잇슈 머니]  / KBS 
112988	0.08	PT10M50S	2026-09-07	4-PDU2i0-sk	KBS 1라디오	국민연금 최대 추납 무조건 이득이 아닙니다 - 손희애 금융크리에이터 [성공예감 이대호입니다
112873	54.53	PT27M54S	2026-05-22	iujiqTa1c4U	연금코치	국민연금 임의가입 60세 이후에 납부 해야할까?
106339	8.0	PT5S	2026-07-24	J06mFj0nduw	마음산책	신청 안하면 안준다, 국민연금 더 받는 방법 #국민연금#연금수령액#노후준비
99930	0.23	PT34S	2026-07-09	xt68a-JDiBY	연금박사 이영주	60세 이후 추후납부, 주의하셔야 합니다
86707	38.54	PT6S	2026-08-19	kScuHUFr2yA	사피은퇴연구소	국민연금을 더 많이 받는 6가지 제도
68885	5.03	PT8S	2026-07-04	QkT8WpFf3nU	백세철학관	국민연금 이렇게 신청하면 더 받는다 #국민연금 #국민연금더받는법 #연금수령액
65309	3.1	PT33S	2026-08-27	OC6wvZHRKnA	연금 받는 형	노후에 마지막까지 남는 돈, 국민연금뿐입니다
54973	0.34	PT35M26S	2026-10-01	KePrOe1mH78	연금이야기	(모음)국민연금 논란 총 정리/ 조기,연기연금, 추납, 가입기간 효과
49998	2.58	PT8S	2026-09-25	q7dRqQxaIY4	인생다큐 오늘	매달 나오는 국민연금 통장, 몇십만 원 더 받는 꿀팁
48906	0.04	PT26M15S	2026-05-03	91GRhqMQRdE	박곰희TV	📚 과연 국민연금만으로 충분할까? | 박곰희 연금부자수업 EP.13
48739	3.9	PT6S	2026-06-23	t_0TWW6lubo	바른바램	국민연금 낼수록 손해? 2026년 반드시 알아야 할 사실 #주의 #연금
47918	0.07	PT25M35S	2026-09-02	KfFdsCz9XjU	KTV 국민방송	한 달 가입하고 119개월 추납? 외국인 국민연금 논란 ‘꼼수 수급’ 막을 대책은?
32923	15.46	PT13M6S	2026-05-11	Vv_WsJSAUZA	은퇴할수있을까	임의가입으로 국민연금 수령액을 50% 올리는 방법! 은퇴플래너의 가이드
18033	0.41	PT4M51S	2026-05-05	HDFVDNliGDQ	김 Kim콘스탄트 Co	국민연금, 60세이후 임의계속가입으로 65세까지 납부하면 얼마를 더 받을 수 있을까?